Ticker,Date,Price
AAPL,2024-11-15,224.7528839111328
AAPL,2024-11-18,227.7695770263672
AAPL,2024-11-19,228.02928161621094
AAPL,2024-11-20,228.7484893798828
AAPL,2024-11-21,228.26902770996094
AAPL,2024-11-22,229.61753845214844
AAPL,2024-11-25,232.61424255371094
AAPL,2024-11-26,234.8018341064453
AAPL,2024-11-27,234.67198181152344
AAPL,2024-11-29,237.06935119628906
AAPL,2024-12-02,239.3268585205078
AAPL,2024-12-03,242.3834991455078
AAPL,2024-12-04,242.74310302734375
AAPL,2024-12-05,242.7730712890625
AAPL,2024-12-06,242.5732879638672
AAPL,2024-12-09,246.47900390625
AAPL,2024-12-10,247.4978790283203
AAPL,2024-12-11,246.2192840576172
AAPL,2024-12-12,247.68768310546875
AAPL,2024-12-13,247.85748291015625
AAPL,2024-12-16,250.7642822265625
AAPL,2024-12-17,253.20159912109375
AAPL,2024-12-18,247.77757263183594
AAPL,2024-12-19,249.51565551757812
AAPL,2024-12-20,254.21051025390625
AAPL,2024-12-23,254.98965454101562
AAPL,2024-12-24,257.91644287109375
AAPL,2024-12-26,258.7355041503906
AAPL,2024-12-27,255.30929565429688
AAPL,2024-12-30,251.9230194091797
AAPL,2024-12-31,250.1449737548828
AAPL,2025-01-02,243.5821990966797
AAPL,2025-01-03,243.0927276611328
AAPL,2025-01-06,244.73092651367188
AAPL,2025-01-07,241.94400024414062
AAPL,2025-01-08,242.43344116210938
AAPL,2025-01-10,236.58987426757812
AAPL,2025-01-13,234.14256286621094
AAPL,2025-01-14,233.02378845214844
AAPL,2025-01-15,237.60874938964844
AAPL,2025-01-16,228.00930786132812
AAPL,2025-01-17,229.7274169921875
AAPL,2025-01-21,222.39547729492188
AAPL,2025-01-22,223.58416748046875
AAPL,2025-01-23,223.41436767578125
AAPL,2025-01-24,222.5353240966797
AAPL,2025-01-27,229.6075439453125
AAPL,2025-01-28,237.99832153320312
AAPL,2025-01-29,239.0971221923828
AAPL,2025-01-30,237.3290557861328
AAPL,2025-01-31,235.74081420898438
AAPL,2025-02-03,227.75958251953125
AAPL,2025-02-04,232.54432678222656
AAPL,2025-02-05,232.21469116210938
AAPL,2025-02-06,232.9638671875
AAPL,2025-02-07,227.3800048828125
AAPL,2025-02-10,227.64999389648438
AAPL,2025-02-11,232.6199951171875
AAPL,2025-02-12,236.8699951171875
AAPL,2025-02-13,241.52999877929688
AAPL,2025-02-14,244.60000610351562
AAPL,2025-02-18,244.47000122070312
AAPL,2025-02-19,244.8699951171875
AAPL,2025-02-20,245.8300018310547
AAPL,2025-02-21,245.5500030517578
AAPL,2025-02-24,247.10000610351562
AAPL,2025-02-25,247.0399932861328
AAPL,2025-02-26,240.36000061035156
AAPL,2025-02-27,237.3000030517578
AAPL,2025-02-28,241.83999633789062
AAPL,2025-03-03,238.02999877929688
AAPL,2025-03-04,235.92999267578125
AAPL,2025-03-05,235.74000549316406
AAPL,2025-03-06,235.3300018310547
AAPL,2025-03-07,239.07000732421875
AAPL,2025-03-10,227.47999572753906
AAPL,2025-03-11,220.83999633789062
AAPL,2025-03-12,216.97999572753906
AAPL,2025-03-13,209.67999267578125
AAPL,2025-03-14,213.49000549316406
AAPL,2025-03-17,214.0
AAPL,2025-03-18,212.69000244140625
AAPL,2025-03-19,215.24000549316406
AAPL,2025-03-20,214.10000610351562
AAPL,2025-03-21,218.27000427246094
AAPL,2025-03-24,220.72999572753906
AAPL,2025-03-25,223.75
AAPL,2025-03-26,221.52999877929688
AAPL,2025-03-27,223.85000610351562
AAPL,2025-03-28,217.89999389648438
AAPL,2025-03-31,222.1300048828125
AAPL,2025-04-01,223.19000244140625
AAPL,2025-04-02,223.88999938964844
AAPL,2025-04-03,203.19000244140625
AAPL,2025-04-04,188.3800048828125
AAPL,2025-04-07,181.4600067138672
AAPL,2025-04-08,172.4199981689453
AAPL,2025-04-09,198.85000610351562
AAPL,2025-04-10,190.4199981689453
AAPL,2025-04-11,198.14999389648438
AMZN,2024-11-15,202.61000061035156
AMZN,2024-11-18,201.6999969482422
AMZN,2024-11-19,204.61000061035156
AMZN,2024-11-20,202.8800048828125
AMZN,2024-11-21,198.3800048828125
AMZN,2024-11-22,197.1199951171875
AMZN,2024-11-25,201.4499969482422
AMZN,2024-11-26,207.86000061035156
AMZN,2024-11-27,205.74000549316406
AMZN,2024-11-29,207.88999938964844
AMZN,2024-12-02,210.7100067138672
AMZN,2024-12-03,213.44000244140625
AMZN,2024-12-04,218.16000366210938
AMZN,2024-12-05,220.5500030517578
AMZN,2024-12-06,227.02999877929688
AMZN,2024-12-09,226.08999633789062
AMZN,2024-12-10,225.0399932861328
AMZN,2024-12-11,230.25999450683594
AMZN,2024-12-12,228.97000122070312
AMZN,2024-12-13,227.4600067138672
AMZN,2024-12-16,232.92999267578125
AMZN,2024-12-17,231.14999389648438
AMZN,2024-12-18,220.52000427246094
AMZN,2024-12-19,223.2899932861328
AMZN,2024-12-20,224.9199981689453
AMZN,2024-12-23,225.05999755859375
AMZN,2024-12-24,229.0500030517578
AMZN,2024-12-26,227.0500030517578
AMZN,2024-12-27,223.75
AMZN,2024-12-30,221.3000030517578
AMZN,2024-12-31,219.38999938964844
AMZN,2025-01-02,220.22000122070312
AMZN,2025-01-03,224.19000244140625
AMZN,2025-01-06,227.61000061035156
AMZN,2025-01-07,222.11000061035156
AMZN,2025-01-08,222.1300048828125
AMZN,2025-01-10,218.94000244140625
AMZN,2025-01-13,218.4600067138672
AMZN,2025-01-14,217.75999450683594
AMZN,2025-01-15,223.35000610351562
AMZN,2025-01-16,220.66000366210938
AMZN,2025-01-17,225.94000244140625
AMZN,2025-01-21,230.7100067138672
AMZN,2025-01-22,235.00999450683594
AMZN,2025-01-23,235.4199981689453
AMZN,2025-01-24,234.85000610351562
AMZN,2025-01-27,235.4199981689453
AMZN,2025-01-28,238.14999389648438
AMZN,2025-01-29,237.07000732421875
AMZN,2025-01-30,234.63999938964844
AMZN,2025-01-31,237.67999267578125
AMZN,2025-02-03,237.4199981689453
AMZN,2025-02-04,242.05999755859375
AMZN,2025-02-05,236.1699981689453
AMZN,2025-02-06,238.8300018310547
AMZN,2025-02-07,229.14999389648438
AMZN,2025-02-10,233.13999938964844
AMZN,2025-02-11,232.75999450683594
AMZN,2025-02-12,228.92999267578125
AMZN,2025-02-13,230.3699951171875
AMZN,2025-02-14,228.67999267578125
AMZN,2025-02-18,226.64999389648438
AMZN,2025-02-19,226.6300048828125
AMZN,2025-02-20,222.8800048828125
AMZN,2025-02-21,216.5800018310547
AMZN,2025-02-24,212.7100067138672
AMZN,2025-02-25,212.8000030517578
AMZN,2025-02-26,214.35000610351562
AMZN,2025-02-27,208.74000549316406
AMZN,2025-02-28,212.27999877929688
AMZN,2025-03-03,205.02000427246094
AMZN,2025-03-04,203.8000030517578
AMZN,2025-03-05,208.36000061035156
AMZN,2025-03-06,200.6999969482422
AMZN,2025-03-07,199.25
AMZN,2025-03-10,194.5399932861328
AMZN,2025-03-11,196.58999633789062
AMZN,2025-03-12,198.88999938964844
AMZN,2025-03-13,193.88999938964844
AMZN,2025-03-14,197.9499969482422
AMZN,2025-03-17,195.74000549316406
AMZN,2025-03-18,192.82000732421875
AMZN,2025-03-19,195.5399932861328
AMZN,2025-03-20,194.9499969482422
AMZN,2025-03-21,196.2100067138672
AMZN,2025-03-24,203.25999450683594
AMZN,2025-03-25,205.7100067138672
AMZN,2025-03-26,201.1300048828125
AMZN,2025-03-27,201.36000061035156
AMZN,2025-03-28,192.72000122070312
AMZN,2025-03-31,190.25999450683594
AMZN,2025-04-01,192.1699981689453
AMZN,2025-04-02,196.00999450683594
AMZN,2025-04-03,178.41000366210938
AMZN,2025-04-04,171.0
AMZN,2025-04-07,175.25999450683594
AMZN,2025-04-08,170.66000366210938
AMZN,2025-04-09,191.10000610351562
AMZN,2025-04-10,181.22000122070312
AMZN,2025-04-11,184.8699951171875
ASML,2024-11-15,658.6300048828125
ASML,2024-11-18,665.22998046875
ASML,2024-11-19,662.1599731445312
ASML,2024-11-20,658.4299926757812
ASML,2024-11-21,672.1599731445312
ASML,2024-11-22,672.8800048828125
ASML,2024-11-25,684.469970703125
ASML,2024-11-26,671.969970703125
ASML,2024-11-27,670.47998046875
ASML,2024-11-29,686.6099853515625
ASML,2024-12-02,711.469970703125
ASML,2024-12-03,718.0599975585938
ASML,2024-12-04,719.9199829101562
ASML,2024-12-05,711.5
ASML,2024-12-06,708.97998046875
ASML,2024-12-09,706.52001953125
ASML,2024-12-10,705.27001953125
ASML,2024-12-11,714.4299926757812
ASML,2024-12-12,713.0999755859375
ASML,2024-12-13,718.5800170898438
ASML,2024-12-16,722.3800048828125
ASML,2024-12-17,735.1900024414062
ASML,2024-12-18,719.489990234375
ASML,2024-12-19,710.260009765625
ASML,2024-12-20,705.6799926757812
ASML,2024-12-23,721.0399780273438
ASML,2024-12-24,719.7100219726562
ASML,2024-12-26,715.8599853515625
ASML,2024-12-27,713.5900268554688
ASML,2024-12-30,696.1500244140625
ASML,2024-12-31,693.0800170898438
ASML,2025-01-02,700.4199829101562
ASML,2025-01-03,714.3599853515625
ASML,2025-01-06,768.510009765625
ASML,2025-01-07,757.5800170898438
ASML,2025-01-08,743.97998046875
ASML,2025-01-10,739.010009765625
ASML,2025-01-13,727.4099731445312
ASML,2025-01-14,736.2899780273438
ASML,2025-01-15,726.2999877929688
ASML,2025-01-16,750.280029296875
ASML,2025-01-17,756.3300170898438
ASML,2025-01-21,763.0
ASML,2025-01-22,766.7100219726562
ASML,2025-01-23,746.239990234375
ASML,2025-01-24,732.25
ASML,2025-01-27,690.1500244140625
ASML,2025-01-28,683.3499755859375
ASML,2025-01-29,712.6500244140625
ASML,2025-01-30,736.989990234375
ASML,2025-01-31,739.3099975585938
ASML,2025-02-03,731.0599975585938
ASML,2025-02-04,731.4099731445312
ASML,2025-02-05,742.5900268554688
ASML,2025-02-06,739.1300048828125
ASML,2025-02-07,727.7000122070312
ASML,2025-02-10,744.0800170898438
ASML,2025-02-11,752.97998046875
ASML,2025-02-12,756.1699829101562
ASML,2025-02-13,776.989990234375
ASML,2025-02-14,751.5499877929688
ASML,2025-02-18,744.219970703125
ASML,2025-02-19,744.7999877929688
ASML,2025-02-20,743.0900268554688
ASML,2025-02-21,737.2100219726562
ASML,2025-02-24,735.9600219726562
ASML,2025-02-25,730.1900024414062
ASML,2025-02-26,746.9299926757812
ASML,2025-02-27,697.7000122070312
ASML,2025-02-28,709.0800170898438
ASML,2025-03-03,699.8599853515625
ASML,2025-03-04,708.219970703125
ASML,2025-03-05,739.75
ASML,2025-03-06,714.8400268554688
ASML,2025-03-07,732.219970703125
ASML,2025-03-10,683.1099853515625
ASML,2025-03-11,690.2100219726562
ASML,2025-03-12,703.3699951171875
ASML,2025-03-13,694.5900268554688
ASML,2025-03-14,714.0
ASML,2025-03-17,730.3300170898438
ASML,2025-03-18,731.1099853515625
ASML,2025-03-19,734.9099731445312
ASML,2025-03-20,734.0599975585938
ASML,2025-03-21,716.219970703125
ASML,2025-03-24,727.8400268554688
ASML,2025-03-25,726.739990234375
ASML,2025-03-26,705.760009765625
ASML,2025-03-27,690.6300048828125
ASML,2025-03-28,674.5800170898438
ASML,2025-03-31,662.6300048828125
ASML,2025-04-01,667.3400268554688
ASML,2025-04-02,669.010009765625
ASML,2025-04-03,623.219970703125
ASML,2025-04-04,605.5499877929688
ASML,2025-04-07,615.8400268554688
ASML,2025-04-08,595.3699951171875
ASML,2025-04-09,687.260009765625
ASML,2025-04-10,649.5499877929688
ASML,2025-04-11,668.8099975585938
AZN,2024-11-15,62.33955764770508
AZN,2024-11-18,62.4973030090332
AZN,2024-11-19,62.901527404785156
AZN,2024-11-20,62.30997848510742
AZN,2024-11-21,63.35505294799805
AZN,2024-11-22,64.70575714111328
AZN,2024-11-25,65.46491241455078
AZN,2024-11-26,65.42547607421875
AZN,2024-11-27,66.25364685058594
AZN,2024-11-29,66.66773986816406
AZN,2024-12-02,66.09590148925781
AZN,2024-12-03,67.09168243408203
AZN,2024-12-04,65.83956146240234
AZN,2024-12-05,66.5790023803711
AZN,2024-12-06,67.23956298828125
AZN,2024-12-09,67.61421966552734
AZN,2024-12-10,66.23393249511719
AZN,2024-12-11,66.45083618164062
AZN,2024-12-12,65.997314453125
AZN,2024-12-13,65.64237976074219
AZN,2024-12-16,65.29730987548828
AZN,2024-12-17,66.23393249511719
AZN,2024-12-18,63.729698181152344
AZN,2024-12-19,63.53252029418945
AZN,2024-12-20,64.42970275878906
AZN,2024-12-23,65.6916732788086
AZN,2024-12-24,65.36632537841797
AZN,2024-12-26,65.58322143554688
AZN,2024-12-27,65.32688903808594
AZN,2024-12-30,64.6466064453125
AZN,2024-12-31,64.59730529785156
AZN,2025-01-02,64.95223236083984
AZN,2025-01-03,65.31702423095703
AZN,2025-01-06,65.89871215820312
AZN,2025-01-07,65.70153045654297
AZN,2025-01-08,65.64237976074219
AZN,2025-01-10,66.06632995605469
AZN,2025-01-13,64.80435180664062
AZN,2025-01-14,64.44942474365234
AZN,2025-01-15,64.75505065917969
AZN,2025-01-16,65.96773529052734
AZN,2025-01-17,65.66209411621094
AZN,2025-01-21,67.00294494628906
AZN,2025-01-22,67.23956298828125
AZN,2025-01-23,67.6339340209961
AZN,2025-01-24,68.08745574951172
AZN,2025-01-27,69.09309387207031
AZN,2025-01-28,68.6099853515625
AZN,2025-01-29,69.26069641113281
AZN,2025-01-30,70.23675537109375
AZN,2025-01-31,69.76351928710938
AZN,2025-02-03,68.87619018554688
AZN,2025-02-04,67.98886108398438
AZN,2025-02-05,69.94097900390625
AZN,2025-02-06,71.34098052978516
AZN,2025-02-07,70.97618865966797
AZN,2025-02-10,71.63676452636719
AZN,2025-02-11,71.70577239990234
AZN,2025-02-12,73.38182830810547
AZN,2025-02-13,73.40155029296875
AZN,2025-02-14,72.5438003540039
AZN,2025-02-18,73.74662017822266
AZN,2025-02-19,72.77056121826172
AZN,2025-02-20,73.50999450683594
AZN,2025-02-21,74.22000122070312
AZN,2025-02-24,74.69000244140625
AZN,2025-02-25,75.4000015258789
AZN,2025-02-26,75.5199966430664
AZN,2025-02-27,75.6500015258789
AZN,2025-02-28,76.20999908447266
AZN,2025-03-03,76.0999984741211
AZN,2025-03-04,77.25
AZN,2025-03-05,77.95999908447266
AZN,2025-03-06,77.47000122070312
AZN,2025-03-07,77.5
AZN,2025-03-10,75.98999786376953
AZN,2025-03-11,74.23999786376953
AZN,2025-03-12,75.56999969482422
AZN,2025-03-13,76.51000213623047
AZN,2025-03-14,77.5999984741211
AZN,2025-03-17,77.37000274658203
AZN,2025-03-18,77.06999969482422
AZN,2025-03-19,76.31999969482422
AZN,2025-03-20,76.5199966430664
AZN,2025-03-21,74.93000030517578
AZN,2025-03-24,74.08999633789062
AZN,2025-03-25,73.05000305175781
AZN,2025-03-26,72.72000122070312
AZN,2025-03-27,72.83999633789062
AZN,2025-03-28,73.79000091552734
AZN,2025-03-31,73.5
AZN,2025-04-01,72.5999984741211
AZN,2025-04-02,72.22000122070312
AZN,2025-04-03,73.91999816894531
AZN,2025-04-04,68.45999908447266
AZN,2025-04-07,65.79000091552734
AZN,2025-04-08,64.9000015258789
AZN,2025-04-09,66.76000213623047
AZN,2025-04-10,64.87000274658203
AZN,2025-04-11,66.29000091552734
BHP,2024-11-15,51.84000015258789
BHP,2024-11-18,52.4900016784668
BHP,2024-11-19,52.68000030517578
BHP,2024-11-20,52.27000045776367
BHP,2024-11-21,52.02000045776367
BHP,2024-11-22,52.36000061035156
BHP,2024-11-25,52.459999084472656
BHP,2024-11-26,51.189998626708984
BHP,2024-11-27,51.79999923706055
BHP,2024-11-29,52.650001525878906
BHP,2024-12-02,52.849998474121094
BHP,2024-12-03,53.119998931884766
BHP,2024-12-04,52.7599983215332
BHP,2024-12-05,52.189998626708984
BHP,2024-12-06,51.400001525878906
BHP,2024-12-09,53.75
BHP,2024-12-10,53.400001525878906
BHP,2024-12-11,53.560001373291016
BHP,2024-12-12,52.45000076293945
BHP,2024-12-13,51.66999816894531
BHP,2024-12-16,51.11000061035156
BHP,2024-12-17,51.0
BHP,2024-12-18,49.400001525878906
BHP,2024-12-19,48.939998626708984
BHP,2024-12-20,49.20000076293945
BHP,2024-12-23,49.40999984741211
BHP,2024-12-24,49.41999816894531
BHP,2024-12-26,49.349998474121094
BHP,2024-12-27,49.209999084472656
BHP,2024-12-30,48.779998779296875
BHP,2024-12-31,48.83000183105469
BHP,2025-01-02,49.209999084472656
BHP,2025-01-03,48.810001373291016
BHP,2025-01-06,48.4900016784668
BHP,2025-01-07,48.18000030517578
BHP,2025-01-08,48.720001220703125
BHP,2025-01-10,48.540000915527344
BHP,2025-01-13,49.29999923706055
BHP,2025-01-14,49.619998931884766
BHP,2025-01-15,49.810001373291016
BHP,2025-01-16,49.560001373291016
BHP,2025-01-17,50.09000015258789
BHP,2025-01-21,50.119998931884766
BHP,2025-01-22,49.06999969482422
BHP,2025-01-23,49.470001220703125
BHP,2025-01-24,49.869998931884766
BHP,2025-01-27,49.900001525878906
BHP,2025-01-28,48.709999084472656
BHP,2025-01-29,48.790000915527344
BHP,2025-01-30,49.75
BHP,2025-01-31,49.150001525878906
BHP,2025-02-03,48.790000915527344
BHP,2025-02-04,49.83000183105469
BHP,2025-02-05,50.04999923706055
BHP,2025-02-06,50.689998626708984
BHP,2025-02-07,50.349998474121094
BHP,2025-02-10,50.81999969482422
BHP,2025-02-11,50.20000076293945
BHP,2025-02-12,50.65999984741211
BHP,2025-02-13,51.83000183105469
BHP,2025-02-14,51.54999923706055
BHP,2025-02-18,51.939998626708984
BHP,2025-02-19,51.08000183105469
BHP,2025-02-20,52.11000061035156
BHP,2025-02-21,51.439998626708984
BHP,2025-02-24,51.09000015258789
BHP,2025-02-25,50.70000076293945
BHP,2025-02-26,50.220001220703125
BHP,2025-02-27,49.36000061035156
BHP,2025-02-28,48.47999954223633
BHP,2025-03-03,48.84000015258789
BHP,2025-03-04,49.220001220703125
BHP,2025-03-05,50.709999084472656
BHP,2025-03-06,50.689998626708984
BHP,2025-03-07,50.15999984741211
BHP,2025-03-10,49.61000061035156
BHP,2025-03-11,49.779998779296875
BHP,2025-03-12,48.36000061035156
BHP,2025-03-13,48.650001525878906
BHP,2025-03-14,49.45000076293945
BHP,2025-03-17,50.56999969482422
BHP,2025-03-18,50.540000915527344
BHP,2025-03-19,50.060001373291016
BHP,2025-03-20,49.310001373291016
BHP,2025-03-21,49.150001525878906
BHP,2025-03-24,49.29999923706055
BHP,2025-03-25,49.650001525878906
BHP,2025-03-26,49.81999969482422
BHP,2025-03-27,49.630001068115234
BHP,2025-03-28,48.91999816894531
BHP,2025-03-31,48.540000915527344
BHP,2025-04-01,48.779998779296875
BHP,2025-04-02,47.880001068115234
BHP,2025-04-03,46.47999954223633
BHP,2025-04-04,42.06999969482422
BHP,2025-04-07,42.31999969482422
BHP,2025-04-08,40.220001220703125
BHP,2025-04-09,44.349998474121094
BHP,2025-04-10,43.4900016784668
BHP,2025-04-11,45.25
GOOGL,2024-11-15,172.09434509277344
GOOGL,2024-11-18,174.8979034423828
GOOGL,2024-11-19,177.71141052246094
GOOGL,2024-11-20,175.5763397216797
GOOGL,2024-11-21,167.2454833984375
GOOGL,2024-11-22,164.38206481933594
GOOGL,2024-11-25,167.26544189453125
GOOGL,2024-11-26,168.73207092285156
GOOGL,2024-11-27,168.84181213378906
GOOGL,2024-11-29,168.5624542236328
GOOGL,2024-12-02,171.0966339111328
GOOGL,2024-12-03,170.9469757080078
GOOGL,2024-12-04,173.9700164794922
GOOGL,2024-12-05,172.24400329589844
GOOGL,2024-12-06,174.30926513671875
GOOGL,2024-12-09,175.1682586669922
GOOGL,2024-12-10,184.9569854736328
GOOGL,2024-12-11,195.1752166748047
GOOGL,2024-12-12,191.7391815185547
GOOGL,2024-12-13,189.6016387939453
GOOGL,2024-12-16,196.43377685546875
GOOGL,2024-12-17,195.1951904296875
GOOGL,2024-12-18,188.18325805664062
GOOGL,2024-12-19,188.2931365966797
GOOGL,2024-12-20,191.18980407714844
GOOGL,2024-12-23,194.40611267089844
GOOGL,2024-12-24,195.8843994140625
GOOGL,2024-12-26,195.375
GOOGL,2024-12-27,192.5382537841797
GOOGL,2024-12-30,191.02000427246094
GOOGL,2024-12-31,189.08224487304688
GOOGL,2025-01-02,189.2120819091797
GOOGL,2025-01-03,191.56936645507812
GOOGL,2025-01-06,196.64352416992188
GOOGL,2025-01-07,195.26512145996094
GOOGL,2025-01-08,193.7268829345703
GOOGL,2025-01-10,191.81907653808594
GOOGL,2025-01-13,190.79026794433594
GOOGL,2025-01-14,189.4418182373047
GOOGL,2025-01-15,195.32504272460938
GOOGL,2025-01-16,192.68807983398438
GOOGL,2025-01-17,195.77452087402344
GOOGL,2025-01-21,197.82217407226562
GOOGL,2025-01-22,198.1417999267578
GOOGL,2025-01-23,197.7522430419922
GOOGL,2025-01-24,199.9796905517578
GOOGL,2025-01-27,191.58934020996094
GOOGL,2025-01-28,195.07533264160156
GOOGL,2025-01-29,195.18521118164062
GOOGL,2025-01-30,200.638916015625
GOOGL,2025-01-31,203.78530883789062
GOOGL,2025-02-03,200.99850463867188
GOOGL,2025-02-04,206.14259338378906
GOOGL,2025-02-05,191.1099090576172
GOOGL,2025-02-06,191.3795928955078
GOOGL,2025-02-07,185.1267852783203
GOOGL,2025-02-10,186.2554931640625
GOOGL,2025-02-11,185.10682678222656
GOOGL,2025-02-12,183.39878845214844
GOOGL,2025-02-13,185.92587280273438
GOOGL,2025-02-14,185.01690673828125
GOOGL,2025-02-18,183.55859375
GOOGL,2025-02-19,185.05686950683594
GOOGL,2025-02-20,184.34768676757812
GOOGL,2025-02-21,179.4533233642578
GOOGL,2025-02-24,179.04379272460938
GOOGL,2025-02-25,175.21820068359375
GOOGL,2025-02-26,172.5312957763672
GOOGL,2025-02-27,168.30616760253906
GOOGL,2025-02-28,170.0841064453125
GOOGL,2025-03-03,166.81787109375
GOOGL,2025-03-04,170.72337341308594
GOOGL,2025-03-05,172.8209686279297
GOOGL,2025-03-06,172.1517333984375
GOOGL,2025-03-07,173.66000366210938
GOOGL,2025-03-10,165.8699951171875
GOOGL,2025-03-11,164.0399932861328
GOOGL,2025-03-12,167.11000061035156
GOOGL,2025-03-13,162.75999450683594
GOOGL,2025-03-14,165.49000549316406
GOOGL,2025-03-17,164.2899932861328
GOOGL,2025-03-18,160.6699981689453
GOOGL,2025-03-19,163.88999938964844
GOOGL,2025-03-20,162.8000030517578
GOOGL,2025-03-21,163.99000549316406
GOOGL,2025-03-24,167.67999267578125
GOOGL,2025-03-25,170.55999755859375
GOOGL,2025-03-26,165.05999755859375
GOOGL,2025-03-27,162.24000549316406
GOOGL,2025-03-28,154.3300018310547
GOOGL,2025-03-31,154.63999938964844
GOOGL,2025-04-01,157.07000732421875
GOOGL,2025-04-02,157.0399932861328
GOOGL,2025-04-03,150.72000122070312
GOOGL,2025-04-04,145.60000610351562
GOOGL,2025-04-07,146.75
GOOGL,2025-04-08,144.6999969482422
GOOGL,2025-04-09,158.7100067138672
GOOGL,2025-04-10,152.82000732421875
GOOGL,2025-04-11,157.13999938964844
HSBC,2024-11-15,44.3574333190918
HSBC,2024-11-18,45.04597091674805
HSBC,2024-11-19,44.881107330322266
HSBC,2024-11-20,44.832618713378906
HSBC,2024-11-21,44.919898986816406
HSBC,2024-11-22,44.55138397216797
HSBC,2024-11-25,45.08476257324219
HSBC,2024-11-26,44.919898986816406
HSBC,2024-11-27,45.26901626586914
HSBC,2024-11-29,45.4726676940918
HSBC,2024-12-02,45.58904266357422
HSBC,2024-12-03,46.03514099121094
HSBC,2024-12-04,45.91876220703125
HSBC,2024-12-05,46.60730743408203
HSBC,2024-12-06,46.151512145996094
HSBC,2024-12-09,46.50062942504883
HSBC,2024-12-10,46.56851577758789
HSBC,2024-12-11,47.07279586791992
HSBC,2024-12-12,46.917633056640625
HSBC,2024-12-13,47.1309814453125
HSBC,2024-12-16,47.16007614135742
HSBC,2024-12-17,47.16977310180664
HSBC,2024-12-18,46.48123550415039
HSBC,2024-12-19,46.694583892822266
HSBC,2024-12-20,46.81095886230469
HSBC,2024-12-23,47.21826171875
HSBC,2024-12-24,47.76133346557617
HSBC,2024-12-26,47.77103042602539
HSBC,2024-12-27,47.80012512207031
HSBC,2024-12-30,48.01347351074219
HSBC,2024-12-31,47.96498489379883
HSBC,2025-01-02,47.20856475830078
HSBC,2025-01-03,47.58677673339844
HSBC,2025-01-06,47.780731201171875
HSBC,2025-01-07,47.3734245300293
HSBC,2025-01-08,47.87770462036133
HSBC,2025-01-10,47.85831069946289
HSBC,2025-01-13,47.518890380859375
HSBC,2025-01-14,47.85831069946289
HSBC,2025-01-15,48.52745819091797
HSBC,2025-01-16,49.2741813659668
HSBC,2025-01-17,49.09962463378906
HSBC,2025-01-21,49.93362808227539
HSBC,2025-01-22,49.371158599853516
HSBC,2025-01-23,49.85604476928711
HSBC,2025-01-24,49.73967361450195
HSBC,2025-01-27,50.52518844604492
HSBC,2025-01-28,50.38941955566406
HSBC,2025-01-29,50.5833740234375
HSBC,2025-01-30,51.07795715332031
HSBC,2025-01-31,50.84521484375
HSBC,2025-02-03,49.74937057495117
HSBC,2025-02-04,50.35062789916992
HSBC,2025-02-05,50.63186264038086
HSBC,2025-02-06,51.38828659057617
HSBC,2025-02-07,51.49496078491211
HSBC,2025-02-10,52.231990814208984
HSBC,2025-02-11,52.94961929321289
HSBC,2025-02-12,53.41511535644531
HSBC,2025-02-13,53.521785736083984
HSBC,2025-02-14,53.42481231689453
HSBC,2025-02-18,55.16070556640625
HSBC,2025-02-19,55.238285064697266
HSBC,2025-02-20,54.27821350097656
HSBC,2025-02-21,54.3848876953125
HSBC,2025-02-24,54.01637268066406
HSBC,2025-02-25,56.0238037109375
HSBC,2025-02-26,56.47959899902344
HSBC,2025-02-27,56.43110656738281
HSBC,2025-02-28,58.099117279052734
HSBC,2025-03-03,58.50642395019531
HSBC,2025-03-04,58.60340118408203
HSBC,2025-03-05,59.7186393737793
HSBC,2025-03-06,57.75
HSBC,2025-03-07,58.040000915527344
HSBC,2025-03-10,55.72999954223633
HSBC,2025-03-11,55.47999954223633
HSBC,2025-03-12,55.7400016784668
HSBC,2025-03-13,55.630001068115234
HSBC,2025-03-14,57.06999969482422
HSBC,2025-03-17,57.81999969482422
HSBC,2025-03-18,58.68000030517578
HSBC,2025-03-19,58.849998474121094
HSBC,2025-03-20,57.61000061035156
HSBC,2025-03-21,57.83000183105469
HSBC,2025-03-24,57.97999954223633
HSBC,2025-03-25,58.369998931884766
HSBC,2025-03-26,58.349998474121094
HSBC,2025-03-27,58.34000015258789
HSBC,2025-03-28,57.77000045776367
HSBC,2025-03-31,57.43000030517578
HSBC,2025-04-01,57.2599983215332
HSBC,2025-04-02,57.970001220703125
HSBC,2025-04-03,53.5
HSBC,2025-04-04,49.84000015258789
HSBC,2025-04-07,48.41999816894531
HSBC,2025-04-08,46.68000030517578
HSBC,2025-04-09,49.369998931884766
HSBC,2025-04-10,48.220001220703125
HSBC,2025-04-11,49.88999938964844
JNJ,2024-11-15,151.56097412109375
JNJ,2024-11-18,152.31878662109375
JNJ,2024-11-19,150.57681274414062
JNJ,2024-11-20,150.68507385253906
JNJ,2024-11-21,153.03721618652344
JNJ,2024-11-22,152.7124481201172
JNJ,2024-11-25,153.3127899169922
JNJ,2024-11-26,153.29295349121094
JNJ,2024-11-27,154.16595458984375
JNJ,2024-11-29,153.779052734375
JNJ,2024-12-02,153.5707244873047
JNJ,2024-12-03,151.1501007080078
JNJ,2024-12-04,149.27511596679688
JNJ,2024-12-05,148.33265686035156
JNJ,2024-12-06,148.1243133544922
JNJ,2024-12-09,148.41201782226562
JNJ,2024-12-10,148.04495239257812
JNJ,2024-12-11,145.47552490234375
JNJ,2024-12-12,145.07870483398438
JNJ,2024-12-13,145.45567321777344
JNJ,2024-12-16,142.7076873779297
JNJ,2024-12-17,145.24734497070312
JNJ,2024-12-18,143.60052490234375
JNJ,2024-12-19,142.4398193359375
JNJ,2024-12-20,143.32275390625
JNJ,2024-12-23,144.1164093017578
JNJ,2024-12-24,144.69180297851562
JNJ,2024-12-26,144.42393493652344
JNJ,2024-12-27,143.8981475830078
JNJ,2024-12-30,142.20172119140625
JNJ,2024-12-31,143.4715576171875
JNJ,2025-01-02,142.87632751464844
JNJ,2025-01-03,143.04498291015625
JNJ,2025-01-06,142.51919555664062
JNJ,2025-01-07,145.0687713623047
JNJ,2025-01-08,141.14022827148438
JNJ,2025-01-10,140.931884765625
JNJ,2025-01-13,143.32275390625
JNJ,2025-01-14,143.60052490234375
JNJ,2025-01-15,143.81878662109375
JNJ,2025-01-16,146.5965576171875
JNJ,2025-01-17,145.8624267578125
JNJ,2025-01-21,146.97352600097656
JNJ,2025-01-22,144.1164093017578
JNJ,2025-01-23,145.47552490234375
JNJ,2025-01-24,145.6540985107422
JNJ,2025-01-27,151.67588806152344
JNJ,2025-01-28,149.18582153320312
JNJ,2025-01-29,149.94970703125
JNJ,2025-01-30,151.6560516357422
JNJ,2025-01-31,150.94175720214844
JNJ,2025-02-03,150.6639862060547
JNJ,2025-02-04,152.27113342285156
JNJ,2025-02-05,153.4615936279297
JNJ,2025-02-06,152.29095458984375
JNJ,2025-02-07,151.904052734375
JNJ,2025-02-10,153.0151824951172
JNJ,2025-02-11,154.89016723632812
JNJ,2025-02-12,154.02706909179688
JNJ,2025-02-13,156.0012664794922
JNJ,2025-02-14,154.91000366210938
JNJ,2025-02-18,154.99000549316406
JNJ,2025-02-19,157.88999938964844
JNJ,2025-02-20,159.67999267578125
JNJ,2025-02-21,162.3000030517578
JNJ,2025-02-24,163.74000549316406
JNJ,2025-02-25,166.08999633789062
JNJ,2025-02-26,163.0800018310547
JNJ,2025-02-27,163.72999572753906
JNJ,2025-02-28,165.02000427246094
JNJ,2025-03-03,167.27999877929688
JNJ,2025-03-04,165.4199981689453
JNJ,2025-03-05,165.1199951171875
JNJ,2025-03-06,165.8300018310547
JNJ,2025-03-07,166.69000244140625
JNJ,2025-03-10,167.6999969482422
JNJ,2025-03-11,165.86000061035156
JNJ,2025-03-12,162.85000610351562
JNJ,2025-03-13,162.99000549316406
JNJ,2025-03-14,162.80999755859375
JNJ,2025-03-17,162.83999633789062
JNJ,2025-03-18,164.25
JNJ,2025-03-19,162.99000549316406
JNJ,2025-03-20,163.02000427246094
JNJ,2025-03-21,163.6300048828125
JNJ,2025-03-24,163.2899932861328
JNJ,2025-03-25,161.02000427246094
JNJ,2025-03-26,161.72000122070312
JNJ,2025-03-27,163.1300048828125
JNJ,2025-03-28,163.7100067138672
JNJ,2025-03-31,165.83999633789062
JNJ,2025-04-01,153.25
JNJ,2025-04-02,155.36000061035156
JNJ,2025-04-03,159.82000732421875
JNJ,2025-04-04,153.24000549316406
JNJ,2025-04-07,150.6199951171875
JNJ,2025-04-08,150.0
JNJ,2025-04-09,150.97000122070312
JNJ,2025-04-10,148.69000244140625
JNJ,2025-04-11,151.72999572753906
MSFT,2024-11-15,413.3421936035156
MSFT,2024-11-18,414.0991516113281
MSFT,2024-11-19,416.1210632324219
MSFT,2024-11-20,413.8302001953125
MSFT,2024-11-21,412.0437927246094
MSFT,2024-11-22,416.16552734375
MSFT,2024-11-25,417.95196533203125
MSFT,2024-11-26,427.133544921875
MSFT,2024-11-27,422.1435546875
MSFT,2024-11-29,422.61260986328125
MSFT,2024-12-02,430.1175842285156
MSFT,2024-12-03,430.3371276855469
MSFT,2024-12-04,436.544677734375
MSFT,2024-12-05,441.7342529296875
MSFT,2024-12-06,442.682373046875
MSFT,2024-12-09,445.12744140625
MSFT,2024-12-10,442.4428405761719
MSFT,2024-12-11,448.0915222167969
MSFT,2024-12-12,448.6603698730469
MSFT,2024-12-13,446.37493896484375
MSFT,2024-12-16,450.6863098144531
MSFT,2024-12-17,453.5505676269531
MSFT,2024-12-18,436.5147399902344
MSFT,2024-12-19,436.15545654296875
MSFT,2024-12-20,435.726318359375
MSFT,2024-12-23,434.3790283203125
MSFT,2024-12-24,438.4508361816406
MSFT,2024-12-26,437.2332763671875
MSFT,2024-12-27,429.66845703125
MSFT,2024-12-30,423.9798583984375
MSFT,2024-12-31,420.6565246582031
MSFT,2025-01-02,417.74237060546875
MSFT,2025-01-03,422.5028381347656
MSFT,2025-01-06,426.99383544921875
MSFT,2025-01-07,421.5247802734375
MSFT,2025-01-08,423.7104187011719
MSFT,2025-01-10,418.11163330078125
MSFT,2025-01-13,416.35516357421875
MSFT,2025-01-14,414.8382263183594
MSFT,2025-01-15,425.4569091796875
MSFT,2025-01-16,423.7303466796875
MSFT,2025-01-17,428.1714782714844
MSFT,2025-01-21,427.64251708984375
MSFT,2025-01-22,445.30712890625
MSFT,2025-01-23,445.8160705566406
MSFT,2025-01-24,443.17138671875
MSFT,2025-01-27,433.6903991699219
MSFT,2025-01-28,446.30511474609375
MSFT,2025-01-29,441.44482421875
MSFT,2025-01-30,414.1595458984375
MSFT,2025-01-31,414.22943115234375
MSFT,2025-02-03,410.09771728515625
MSFT,2025-02-04,411.5447998046875
MSFT,2025-02-05,412.4629821777344
MSFT,2025-02-06,414.9879150390625
MSFT,2025-02-07,408.9300537109375
MSFT,2025-02-10,411.3951110839844
MSFT,2025-02-11,410.6166687011719
MSFT,2025-02-12,408.2214660644531
MSFT,2025-02-13,409.7184753417969
MSFT,2025-02-14,407.6126708984375
MSFT,2025-02-18,408.8202819824219
MSFT,2025-02-19,413.94000244140625
MSFT,2025-02-20,416.1300048828125
MSFT,2025-02-21,408.2099914550781
MSFT,2025-02-24,404.0
MSFT,2025-02-25,397.8999938964844
MSFT,2025-02-26,399.7300109863281
MSFT,2025-02-27,392.5299987792969
MSFT,2025-02-28,396.989990234375
MSFT,2025-03-03,388.489990234375
MSFT,2025-03-04,388.6099853515625
MSFT,2025-03-05,401.0199890136719
MSFT,2025-03-06,396.8900146484375
MSFT,2025-03-07,393.30999755859375
MSFT,2025-03-10,380.1600036621094
MSFT,2025-03-11,380.45001220703125
MSFT,2025-03-12,383.2699890136719
MSFT,2025-03-13,378.7699890136719
MSFT,2025-03-14,388.55999755859375
MSFT,2025-03-17,388.70001220703125
MSFT,2025-03-18,383.5199890136719
MSFT,2025-03-19,387.82000732421875
MSFT,2025-03-20,386.8399963378906
MSFT,2025-03-21,391.260009765625
MSFT,2025-03-24,393.0799865722656
MSFT,2025-03-25,395.1600036621094
MSFT,2025-03-26,389.9700012207031
MSFT,2025-03-27,390.5799865722656
MSFT,2025-03-28,378.79998779296875
MSFT,2025-03-31,375.3900146484375
MSFT,2025-04-01,382.19000244140625
MSFT,2025-04-02,382.1400146484375
MSFT,2025-04-03,373.1099853515625
MSFT,2025-04-04,359.8399963378906
MSFT,2025-04-07,357.8599853515625
MSFT,2025-04-08,354.55999755859375
MSFT,2025-04-09,390.489990234375
MSFT,2025-04-10,381.3500061035156
MSFT,2025-04-11,388.45001220703125
NESN.SW,2024-11-15,77.5199966430664
NESN.SW,2024-11-18,78.18000030517578
NESN.SW,2024-11-19,76.66000366210938
NESN.SW,2024-11-20,76.5199966430664
NESN.SW,2024-11-21,75.95999908447266
NESN.SW,2024-11-22,76.0
NESN.SW,2024-11-25,75.95999908447266
NESN.SW,2024-11-26,75.83999633789062
NESN.SW,2024-11-27,76.36000061035156
NESN.SW,2024-11-28,76.63999938964844
NESN.SW,2024-11-29,76.4800033569336
NESN.SW,2024-12-02,76.5999984741211
NESN.SW,2024-12-03,76.5999984741211
NESN.SW,2024-12-04,76.36000061035156
NESN.SW,2024-12-05,75.95999908447266
NESN.SW,2024-12-06,75.76000213623047
NESN.SW,2024-12-09,75.5999984741211
NESN.SW,2024-12-10,74.45999908447266
NESN.SW,2024-12-11,74.81999969482422
NESN.SW,2024-12-12,74.9000015258789
NESN.SW,2024-12-13,75.18000030517578
NESN.SW,2024-12-16,74.45999908447266
NESN.SW,2024-12-17,75.22000122070312
NESN.SW,2024-12-18,74.0999984741211
NESN.SW,2024-12-19,74.19999694824219
NESN.SW,2024-12-20,73.9800033569336
NESN.SW,2024-12-23,74.08000183105469
NESN.SW,2024-12-27,74.41999816894531
NESN.SW,2024-12-30,74.87999725341797
NESN.SW,2025-01-03,74.69999694824219
NESN.SW,2025-01-06,74.0199966430664
NESN.SW,2025-01-07,74.94000244140625
NESN.SW,2025-01-08,75.36000061035156
NESN.SW,2025-01-09,75.12000274658203
NESN.SW,2025-01-10,74.04000091552734
NESN.SW,2025-01-13,74.23999786376953
NESN.SW,2025-01-14,74.16000366210938
NESN.SW,2025-01-15,73.66000366210938
NESN.SW,2025-01-16,73.9000015258789
NESN.SW,2025-01-17,74.19999694824219
NESN.SW,2025-01-20,74.45999908447266
NESN.SW,2025-01-21,74.73999786376953
NESN.SW,2025-01-22,74.18000030517578
NESN.SW,2025-01-23,74.69999694824219
NESN.SW,2025-01-24,74.68000030517578
NESN.SW,2025-01-27,77.55999755859375
NESN.SW,2025-01-28,78.18000030517578
NESN.SW,2025-01-29,78.27999877929688
NESN.SW,2025-01-30,78.68000030517578
NESN.SW,2025-01-31,77.4800033569336
NESN.SW,2025-02-03,77.86000061035156
NESN.SW,2025-02-04,77.45999908447266
NESN.SW,2025-02-05,77.26000213623047
NESN.SW,2025-02-06,77.5
NESN.SW,2025-02-07,77.5
NESN.SW,2025-02-10,77.36000061035156
NESN.SW,2025-02-11,78.19999694824219
NESN.SW,2025-02-12,78.77999877929688
NESN.SW,2025-02-13,83.68000030517578
NESN.SW,2025-02-14,82.4800033569336
NESN.SW,2025-02-17,82.41999816894531
NESN.SW,2025-02-18,82.37999725341797
NESN.SW,2025-02-19,82.5
NESN.SW,2025-02-20,82.33999633789062
NESN.SW,2025-02-21,85.0999984741211
NESN.SW,2025-02-24,87.77999877929688
NESN.SW,2025-02-25,89.0199966430664
NESN.SW,2025-02-26,87.5999984741211
NESN.SW,2025-02-27,87.04000091552734
NESN.SW,2025-02-28,87.12000274658203
NESN.SW,2025-03-03,88.5999984741211
NESN.SW,2025-03-04,89.76000213623047
NESN.SW,2025-03-05,88.12000274658203
NESN.SW,2025-03-06,87.86000061035156
NESN.SW,2025-03-07,89.72000122070312
NESN.SW,2025-03-10,90.5
NESN.SW,2025-03-11,88.5999984741211
NESN.SW,2025-03-12,89.04000091552734
NESN.SW,2025-03-13,89.23999786376953
NESN.SW,2025-03-14,89.18000030517578
NESN.SW,2025-03-17,90.23999786376953
NESN.SW,2025-03-18,90.5
NESN.SW,2025-03-19,89.76000213623047
NESN.SW,2025-03-20,91.22000122070312
NESN.SW,2025-03-21,91.68000030517578
NESN.SW,2025-03-24,89.5999984741211
NESN.SW,2025-03-25,88.83999633789062
NESN.SW,2025-03-26,88.94000244140625
NESN.SW,2025-03-27,89.54000091552734
NESN.SW,2025-03-28,90.23999786376953
NESN.SW,2025-03-31,89.33999633789062
NESN.SW,2025-04-01,90.16000366210938
NESN.SW,2025-04-02,89.80000305175781
NESN.SW,2025-04-03,90.66000366210938
NESN.SW,2025-04-04,87.36000061035156
NESN.SW,2025-04-07,83.62000274658203
NESN.SW,2025-04-08,85.2699966430664
NESN.SW,2025-04-09,83.25
NESN.SW,2025-04-10,84.30000305175781
NESN.SW,2025-04-11,84.9800033569336
NVS,2024-11-15,103.05999755859375
NVS,2024-11-18,103.04000091552734
NVS,2024-11-19,103.2699966430664
NVS,2024-11-20,103.08999633789062
NVS,2024-11-21,103.8499984741211
NVS,2024-11-22,104.27999877929688
NVS,2024-11-25,103.54000091552734
NVS,2024-11-26,103.80999755859375
NVS,2024-11-27,104.87000274658203
NVS,2024-11-29,105.7699966430664
NVS,2024-12-02,104.80000305175781
NVS,2024-12-03,104.55999755859375
NVS,2024-12-04,101.83999633789062
NVS,2024-12-05,102.5199966430664
NVS,2024-12-06,101.98999786376953
NVS,2024-12-09,101.68000030517578
NVS,2024-12-10,100.12999725341797
NVS,2024-12-11,99.16999816894531
NVS,2024-12-12,98.58999633789062
NVS,2024-12-13,98.36000061035156
NVS,2024-12-16,97.7699966430664
NVS,2024-12-17,99.0999984741211
NVS,2024-12-18,96.83000183105469
NVS,2024-12-19,96.7699966430664
NVS,2024-12-20,97.11000061035156
NVS,2024-12-23,98.44999694824219
NVS,2024-12-24,98.3499984741211
NVS,2024-12-26,98.4000015258789
NVS,2024-12-27,98.38999938964844
NVS,2024-12-30,97.33000183105469
NVS,2024-12-31,97.30999755859375
NVS,2025-01-02,97.13999938964844
NVS,2025-01-03,97.63999938964844
NVS,2025-01-06,97.69999694824219
NVS,2025-01-07,98.9800033569336
NVS,2025-01-08,100.22000122070312
NVS,2025-01-10,99.08000183105469
NVS,2025-01-13,99.2699966430664
NVS,2025-01-14,99.37000274658203
NVS,2025-01-15,99.06999969482422
NVS,2025-01-16,97.86000061035156
NVS,2025-01-17,97.52999877929688
NVS,2025-01-21,99.7300033569336
NVS,2025-01-22,98.16999816894531
NVS,2025-01-23,100.02999877929688
NVS,2025-01-24,99.97000122070312
NVS,2025-01-27,103.41000366210938
NVS,2025-01-28,101.83999633789062
NVS,2025-01-29,102.93000030517578
NVS,2025-01-30,104.75
NVS,2025-01-31,104.72000122070312
NVS,2025-02-03,105.4800033569336
NVS,2025-02-04,105.47000122070312
NVS,2025-02-05,109.80999755859375
NVS,2025-02-06,106.9800033569336
NVS,2025-02-07,106.26000213623047
NVS,2025-02-10,106.8499984741211
NVS,2025-02-11,107.75
NVS,2025-02-12,107.0
NVS,2025-02-13,107.70999908447266
NVS,2025-02-14,105.43000030517578
NVS,2025-02-18,106.61000061035156
NVS,2025-02-19,106.91000366210938
NVS,2025-02-20,107.30999755859375
NVS,2025-02-21,109.3499984741211
NVS,2025-02-24,109.22000122070312
NVS,2025-02-25,109.62000274658203
NVS,2025-02-26,108.0199966430664
NVS,2025-02-27,108.91999816894531
NVS,2025-02-28,109.05000305175781
NVS,2025-03-03,110.62000274658203
NVS,2025-03-04,111.41999816894531
NVS,2025-03-05,111.87999725341797
NVS,2025-03-06,112.87000274658203
NVS,2025-03-07,115.56999969482422
NVS,2025-03-10,115.47000122070312
NVS,2025-03-11,111.3499984741211
NVS,2025-03-12,108.63999938964844
NVS,2025-03-13,109.11000061035156
NVS,2025-03-14,109.05999755859375
NVS,2025-03-17,112.22000122070312
NVS,2025-03-18,112.22000122070312
NVS,2025-03-19,111.55999755859375
NVS,2025-03-20,113.20999908447266
NVS,2025-03-21,112.12999725341797
NVS,2025-03-24,111.08999633789062
NVS,2025-03-25,110.37999725341797
NVS,2025-03-26,110.13999938964844
NVS,2025-03-27,111.4000015258789
NVS,2025-03-28,112.56999969482422
NVS,2025-03-31,111.4800033569336
NVS,2025-04-01,109.61000061035156
NVS,2025-04-02,110.7699966430664
NVS,2025-04-03,112.26000213623047
NVS,2025-04-04,105.8499984741211
NVS,2025-04-07,102.87000274658203
NVS,2025-04-08,101.95999908447266
NVS,2025-04-09,103.8499984741211
NVS,2025-04-10,103.4000015258789
NVS,2025-04-11,107.5199966430664
PG,2024-11-15,168.512451171875
PG,2024-11-18,169.71511840820312
PG,2024-11-19,169.7250518798828
PG,2024-11-20,169.85427856445312
PG,2024-11-21,171.7030029296875
PG,2024-11-22,175.21160888671875
PG,2024-11-25,176.31488037109375
PG,2024-11-26,178.22323608398438
PG,2024-11-27,178.27293395996094
PG,2024-11-29,178.1735382080078
PG,2024-12-02,178.61087036132812
PG,2024-12-03,174.3568115234375
PG,2024-12-04,174.04869079589844
PG,2024-12-05,174.96311950683594
PG,2024-12-06,172.7665252685547
PG,2024-12-09,169.75486755371094
PG,2024-12-10,171.23585510253906
PG,2024-12-11,169.59585571289062
PG,2024-12-12,169.8145294189453
PG,2024-12-13,170.0232391357422
PG,2024-12-16,170.10275268554688
PG,2024-12-17,169.29766845703125
PG,2024-12-18,168.0552520751953
PG,2024-12-19,168.16458129882812
PG,2024-12-20,167.0414276123047
PG,2024-12-23,167.09112548828125
PG,2024-12-24,167.9160919189453
PG,2024-12-26,169.1287078857422
PG,2024-12-27,168.5025177001953
PG,2024-12-30,166.07730102539062
PG,2024-12-31,166.6339111328125
PG,2025-01-02,164.97402954101562
PG,2025-01-03,164.12918090820312
PG,2025-01-06,159.62664794921875
PG,2025-01-07,160.32240295410156
PG,2025-01-08,161.1175537109375
PG,2025-01-10,157.5989990234375
PG,2025-01-13,157.87730407714844
PG,2025-01-14,158.7718505859375
PG,2025-01-15,158.68238830566406
PG,2025-01-16,159.52725219726562
PG,2025-01-17,160.15342712402344
PG,2025-01-21,160.73985290527344
PG,2025-01-22,163.74154663085938
PG,2025-01-23,165.1429901123047
PG,2025-01-24,164.1199951171875
PG,2025-01-27,169.66000366210938
PG,2025-01-28,166.19000244140625
PG,2025-01-29,166.22999572753906
PG,2025-01-30,167.41000366210938
PG,2025-01-31,165.99000549316406
PG,2025-02-03,168.75999450683594
PG,2025-02-04,168.1300048828125
PG,2025-02-05,169.00999450683594
PG,2025-02-06,168.8800048828125
PG,2025-02-07,167.97000122070312
PG,2025-02-10,167.52999877929688
PG,2025-02-11,169.42999267578125
PG,2025-02-12,169.5800018310547
PG,2025-02-13,171.02000427246094
PG,2025-02-14,162.88999938964844
PG,2025-02-18,165.42999267578125
PG,2025-02-19,166.49000549316406
PG,2025-02-20,167.2100067138672
PG,2025-02-21,170.22999572753906
PG,2025-02-24,170.5399932861328
PG,2025-02-25,172.64999389648438
PG,2025-02-26,171.3000030517578
PG,2025-02-27,171.97000122070312
PG,2025-02-28,173.83999633789062
PG,2025-03-03,175.58999633789062
PG,2025-03-04,173.17999267578125
PG,2025-03-05,174.61000061035156
PG,2025-03-06,174.66000366210938
PG,2025-03-07,175.9499969482422
PG,2025-03-10,176.25999450683594
PG,2025-03-11,173.1199951171875
PG,2025-03-12,168.3699951171875
PG,2025-03-13,168.58999633789062
PG,2025-03-14,167.97000122070312
PG,2025-03-17,169.75999450683594
PG,2025-03-18,167.7100067138672
PG,2025-03-19,168.57000732421875
PG,2025-03-20,167.5500030517578
PG,2025-03-21,166.69000244140625
PG,2025-03-24,165.64999389648438
PG,2025-03-25,162.85000610351562
PG,2025-03-26,166.5800018310547
PG,2025-03-27,168.7100067138672
PG,2025-03-28,168.02999877929688
PG,2025-03-31,170.4199981689453
PG,2025-04-01,170.55999755859375
PG,2025-04-02,169.5
PG,2025-04-03,172.38999938964844
PG,2025-04-04,163.75
PG,2025-04-07,160.22999572753906
PG,2025-04-08,158.38999938964844
PG,2025-04-09,162.32000732421875
PG,2025-04-10,163.55999755859375
PG,2025-04-11,166.91000366210938
RIO,2024-11-15,58.83415603637695
RIO,2024-11-18,59.93404006958008
RIO,2024-11-19,60.23313522338867
RIO,2024-11-20,60.194541931152344
RIO,2024-11-21,60.36820602416992
RIO,2024-11-22,60.155948638916016
RIO,2024-11-25,60.76377868652344
RIO,2024-11-26,59.84720993041992
RIO,2024-11-27,60.12700271606445
RIO,2024-11-29,60.62870788574219
RIO,2024-12-02,61.043575286865234
RIO,2024-12-03,61.27512741088867
RIO,2024-12-04,61.15935134887695
RIO,2024-12-05,61.2847785949707
RIO,2024-12-06,59.92439651489258
RIO,2024-12-09,62.6065673828125
RIO,2024-12-10,62.539031982421875
RIO,2024-12-11,62.69340515136719
RIO,2024-12-12,61.21724319458008
RIO,2024-12-13,60.0208740234375
RIO,2024-12-16,59.104305267333984
RIO,2024-12-17,59.29726791381836
RIO,2024-12-18,57.251869201660156
RIO,2024-12-19,56.663333892822266
RIO,2024-12-20,56.576499938964844
RIO,2024-12-23,57.1457405090332
RIO,2024-12-24,57.11679458618164
RIO,2024-12-26,57.165035247802734
RIO,2024-12-27,56.93347930908203
RIO,2024-12-30,56.52825927734375
RIO,2024-12-31,56.74052047729492
RIO,2025-01-02,56.701927185058594
RIO,2025-01-03,56.537906646728516
RIO,2025-01-06,56.325653076171875
RIO,2025-01-07,56.142333984375
RIO,2025-01-08,56.56685256958008
RIO,2025-01-10,56.76946258544922
RIO,2025-01-13,57.425533294677734
RIO,2025-01-14,58.255271911621094
RIO,2025-01-15,58.332454681396484
RIO,2025-01-16,57.68603515625
RIO,2025-01-17,58.94993591308594
RIO,2025-01-21,59.55776596069336
RIO,2025-01-22,58.96923065185547
RIO,2025-01-23,59.39374923706055
RIO,2025-01-24,59.90509796142578
RIO,2025-01-27,59.78932189941406
RIO,2025-01-28,57.79216384887695
RIO,2025-01-29,57.618499755859375
RIO,2025-01-30,58.76662063598633
RIO,2025-01-31,58.284217834472656
RIO,2025-02-03,57.743919372558594
RIO,2025-02-04,59.046417236328125
RIO,2025-02-05,59.21043395996094
RIO,2025-02-06,60.00157928466797
RIO,2025-02-07,59.77002716064453
RIO,2025-02-10,60.05946731567383
RIO,2025-02-11,59.48058319091797
RIO,2025-02-12,59.85685729980469
RIO,2025-02-13,61.062870025634766
RIO,2025-02-14,61.130409240722656
RIO,2025-02-18,61.92155456542969
RIO,2025-02-19,60.55152130126953
RIO,2025-02-20,62.02768325805664
RIO,2025-02-21,61.29442596435547
RIO,2025-02-24,60.5322265625
RIO,2025-02-25,59.92439651489258
RIO,2025-02-26,59.413047790527344
RIO,2025-02-27,58.57365798950195
RIO,2025-02-28,58.42893981933594
RIO,2025-03-03,58.901695251464844
RIO,2025-03-04,60.00157928466797
RIO,2025-03-05,61.506683349609375
RIO,2025-03-06,61.68999481201172
RIO,2025-03-07,62.310001373291016
RIO,2025-03-10,62.209999084472656
RIO,2025-03-11,61.849998474121094
RIO,2025-03-12,60.779998779296875
RIO,2025-03-13,61.20000076293945
RIO,2025-03-14,63.040000915527344
RIO,2025-03-17,63.470001220703125
RIO,2025-03-18,64.13999938964844
RIO,2025-03-19,63.86000061035156
RIO,2025-03-20,62.91999816894531
RIO,2025-03-21,61.9900016784668
RIO,2025-03-24,62.16999816894531
RIO,2025-03-25,62.810001373291016
RIO,2025-03-26,62.869998931884766
RIO,2025-03-27,62.34000015258789
RIO,2025-03-28,61.029998779296875
RIO,2025-03-31,60.08000183105469
RIO,2025-04-01,60.22999954223633
RIO,2025-04-02,59.900001525878906
RIO,2025-04-03,58.43000030517578
RIO,2025-04-04,54.66999816894531
RIO,2025-04-07,54.560001373291016
RIO,2025-04-08,52.31999969482422
RIO,2025-04-09,55.61000061035156
RIO,2025-04-10,54.869998931884766
RIO,2025-04-11,56.86000061035156
SHEL,2024-11-15,64.7741928100586
SHEL,2024-11-18,65.61515808105469
SHEL,2024-11-19,65.11058044433594
SHEL,2024-11-20,64.734619140625
SHEL,2024-11-21,65.56568908691406
SHEL,2024-11-22,65.32823944091797
SHEL,2024-11-25,64.35865783691406
SHEL,2024-11-26,64.10142517089844
SHEL,2024-11-27,64.22014617919922
SHEL,2024-11-29,64.05194854736328
SHEL,2024-12-02,63.65620040893555
SHEL,2024-12-03,64.58621215820312
SHEL,2024-12-04,63.527584075927734
SHEL,2024-12-05,63.66609573364258
SHEL,2024-12-06,62.577789306640625
SHEL,2024-12-09,64.01237487792969
SHEL,2024-12-10,63.69577407836914
SHEL,2024-12-11,63.844181060791016
SHEL,2024-12-12,63.31981658935547
SHEL,2024-12-13,62.864707946777344
SHEL,2024-12-16,61.489479064941406
SHEL,2024-12-17,61.222347259521484
SHEL,2024-12-18,59.985633850097656
SHEL,2024-12-19,60.134037017822266
SHEL,2024-12-20,59.99552536010742
SHEL,2024-12-23,60.5099983215332
SHEL,2024-12-24,60.78702163696289
SHEL,2024-12-26,60.7078742980957
SHEL,2024-12-27,61.034366607666016
SHEL,2024-12-30,61.123409271240234
SHEL,2024-12-31,61.98416519165039
SHEL,2025-01-02,62.429378509521484
SHEL,2025-01-03,63.834285736083984
SHEL,2025-01-06,64.06184387207031
SHEL,2025-01-07,65.22930145263672
SHEL,2025-01-08,64.03216552734375
SHEL,2025-01-10,64.24983215332031
SHEL,2025-01-13,64.26961517333984
SHEL,2025-01-14,65.20951843261719
SHEL,2025-01-15,65.65473175048828
SHEL,2025-01-16,65.7437744140625
SHEL,2025-01-17,66.01091003417969
SHEL,2025-01-21,66.06037139892578
SHEL,2025-01-22,65.24909210205078
SHEL,2025-01-23,65.95155334472656
SHEL,2025-01-24,64.6950454711914
SHEL,2025-01-27,64.44770050048828
SHEL,2025-01-28,63.893653869628906
SHEL,2025-01-29,64.09152221679688
SHEL,2025-01-30,65.94165802001953
SHEL,2025-01-31,65.15015411376953
SHEL,2025-02-03,64.47737884521484
SHEL,2025-02-04,65.92185974121094
SHEL,2025-02-05,65.82292938232422
SHEL,2025-02-06,65.45686340332031
SHEL,2025-02-07,65.18972778320312
SHEL,2025-02-10,65.42717742919922
SHEL,2025-02-11,66.66389465332031
SHEL,2025-02-12,66.05048370361328
SHEL,2025-02-13,66.65400695800781
SHEL,2025-02-14,67.12999725341797
SHEL,2025-02-18,67.81999969482422
SHEL,2025-02-19,67.5999984741211
SHEL,2025-02-20,68.37999725341797
SHEL,2025-02-21,66.69999694824219
SHEL,2025-02-24,66.88999938964844
SHEL,2025-02-25,66.9000015258789
SHEL,2025-02-26,67.4000015258789
SHEL,2025-02-27,67.2699966430664
SHEL,2025-02-28,67.45999908447266
SHEL,2025-03-03,66.45999908447266
SHEL,2025-03-04,66.19999694824219
SHEL,2025-03-05,66.0999984741211
SHEL,2025-03-06,66.01000213623047
SHEL,2025-03-07,66.79000091552734
SHEL,2025-03-10,66.79000091552734
SHEL,2025-03-11,66.80999755859375
SHEL,2025-03-12,67.37999725341797
SHEL,2025-03-13,67.73999786376953
SHEL,2025-03-14,68.7699966430664
SHEL,2025-03-17,70.0999984741211
SHEL,2025-03-18,70.97000122070312
SHEL,2025-03-19,71.5199966430664
SHEL,2025-03-20,71.94999694824219
SHEL,2025-03-21,71.01000213623047
SHEL,2025-03-24,71.27999877929688
SHEL,2025-03-25,72.02999877929688
SHEL,2025-03-26,73.02999877929688
SHEL,2025-03-27,73.29000091552734
SHEL,2025-03-28,72.7300033569336
SHEL,2025-03-31,73.27999877929688
SHEL,2025-04-01,73.05000305175781
SHEL,2025-04-02,72.72000122070312
SHEL,2025-04-03,69.7699966430664
SHEL,2025-04-04,64.12999725341797
SHEL,2025-04-07,62.31999969482422
SHEL,2025-04-08,59.75
SHEL,2025-04-09,63.88999938964844
SHEL,2025-04-10,59.779998779296875
SHEL,2025-04-11,62.09000015258789
SNY,2024-11-15,47.970001220703125
SNY,2024-11-18,48.5099983215332
SNY,2024-11-19,48.0
SNY,2024-11-20,47.779998779296875
SNY,2024-11-21,47.97999954223633
SNY,2024-11-22,48.279998779296875
SNY,2024-11-25,48.349998474121094
SNY,2024-11-26,48.279998779296875
SNY,2024-11-27,48.720001220703125
SNY,2024-11-29,48.4900016784668
SNY,2024-12-02,47.959999084472656
SNY,2024-12-03,48.16999816894531
SNY,2024-12-04,48.0099983215332
SNY,2024-12-05,48.5099983215332
SNY,2024-12-06,48.459999084472656
SNY,2024-12-09,48.43000030517578
SNY,2024-12-10,48.08000183105469
SNY,2024-12-11,47.9900016784668
SNY,2024-12-12,46.9900016784668
SNY,2024-12-13,46.79999923706055
SNY,2024-12-16,45.88999938964844
SNY,2024-12-17,48.939998626708984
SNY,2024-12-18,47.0099983215332
SNY,2024-12-19,47.5
SNY,2024-12-20,47.709999084472656
SNY,2024-12-23,48.38999938964844
SNY,2024-12-24,48.290000915527344
SNY,2024-12-26,48.43000030517578
SNY,2024-12-27,48.72999954223633
SNY,2024-12-30,48.22999954223633
SNY,2024-12-31,48.22999954223633
SNY,2025-01-02,48.189998626708984
SNY,2025-01-03,48.150001525878906
SNY,2025-01-06,49.189998626708984
SNY,2025-01-07,49.869998931884766
SNY,2025-01-08,49.22999954223633
SNY,2025-01-10,48.72999954223633
SNY,2025-01-13,48.61000061035156
SNY,2025-01-14,48.45000076293945
SNY,2025-01-15,49.369998931884766
SNY,2025-01-16,50.7400016784668
SNY,2025-01-17,50.7400016784668
SNY,2025-01-21,51.689998626708984
SNY,2025-01-22,51.5099983215332
SNY,2025-01-23,51.97999954223633
SNY,2025-01-24,52.47999954223633
SNY,2025-01-27,53.34000015258789
SNY,2025-01-28,52.970001220703125
SNY,2025-01-29,52.150001525878906
SNY,2025-01-30,54.150001525878906
SNY,2025-01-31,54.34000015258789
SNY,2025-02-03,53.349998474121094
SNY,2025-02-04,53.5
SNY,2025-02-05,53.5
SNY,2025-02-06,52.869998931884766
SNY,2025-02-07,53.349998474121094
SNY,2025-02-10,53.279998779296875
SNY,2025-02-11,53.900001525878906
SNY,2025-02-12,54.560001373291016
SNY,2025-02-13,53.9900016784668
SNY,2025-02-14,54.5
SNY,2025-02-18,53.95000076293945
SNY,2025-02-19,53.599998474121094
SNY,2025-02-20,54.130001068115234
SNY,2025-02-21,54.459999084472656
SNY,2025-02-24,53.75
SNY,2025-02-25,54.88999938964844
SNY,2025-02-26,54.95000076293945
SNY,2025-02-27,54.13999938964844
SNY,2025-02-28,54.470001220703125
SNY,2025-03-03,56.52000045776367
SNY,2025-03-04,57.70000076293945
SNY,2025-03-05,59.150001525878906
SNY,2025-03-06,59.41999816894531
SNY,2025-03-07,59.25
SNY,2025-03-10,59.349998474121094
SNY,2025-03-11,58.7400016784668
SNY,2025-03-12,57.689998626708984
SNY,2025-03-13,57.75
SNY,2025-03-14,57.75
SNY,2025-03-17,58.91999816894531
SNY,2025-03-18,59.11000061035156
SNY,2025-03-19,58.599998474121094
SNY,2025-03-20,57.790000915527344
SNY,2025-03-21,56.900001525878906
SNY,2025-03-24,55.93000030517578
SNY,2025-03-25,55.45000076293945
SNY,2025-03-26,54.5
SNY,2025-03-27,54.90999984741211
SNY,2025-03-28,55.81999969482422
SNY,2025-03-31,55.459999084472656
SNY,2025-04-01,54.34000015258789
SNY,2025-04-02,53.95000076293945
SNY,2025-04-03,54.619998931884766
SNY,2025-04-04,51.97999954223633
SNY,2025-04-07,50.7599983215332
SNY,2025-04-08,49.86000061035156
SNY,2025-04-09,51.209999084472656
SNY,2025-04-10,49.65999984741211
SNY,2025-04-11,51.5
TM,2024-11-15,172.83999633789062
TM,2024-11-18,174.77999877929688
TM,2024-11-19,175.38999938964844
TM,2024-11-20,172.91000366210938
TM,2024-11-21,173.3800048828125
TM,2024-11-22,174.39999389648438
TM,2024-11-25,175.8300018310547
TM,2024-11-26,172.52000427246094
TM,2024-11-27,169.72000122070312
TM,2024-11-29,170.6300048828125
TM,2024-12-02,175.80999755859375
TM,2024-12-03,176.0
TM,2024-12-04,174.77999877929688
TM,2024-12-05,174.39999389648438
TM,2024-12-06,175.9499969482422
TM,2024-12-09,177.00999450683594
TM,2024-12-10,175.7100067138672
TM,2024-12-11,178.14999389648438
TM,2024-12-12,176.89999389648438
TM,2024-12-13,175.86000061035156
TM,2024-12-16,174.25
TM,2024-12-17,173.27999877929688
TM,2024-12-18,173.6199951171875
TM,2024-12-19,174.2100067138672
TM,2024-12-20,178.1699981689453
TM,2024-12-23,180.4499969482422
TM,2024-12-24,181.42999267578125
TM,2024-12-26,197.36000061035156
TM,2024-12-27,199.52000427246094
TM,2024-12-30,195.66000366210938
TM,2024-12-31,194.61000061035156
TM,2025-01-02,193.1199951171875
TM,2025-01-03,195.25
TM,2025-01-06,190.38999938964844
TM,2025-01-07,193.1199951171875
TM,2025-01-08,192.5500030517578
TM,2025-01-10,183.47000122070312
TM,2025-01-13,183.25
TM,2025-01-14,185.41000366210938
TM,2025-01-15,184.83999633789062
TM,2025-01-16,181.47999572753906
TM,2025-01-17,180.77999877929688
TM,2025-01-21,186.92999267578125
TM,2025-01-22,186.52000427246094
TM,2025-01-23,186.27000427246094
TM,2025-01-24,186.61000061035156
TM,2025-01-27,186.5
TM,2025-01-28,185.2899932861328
TM,2025-01-29,186.97999572753906
TM,2025-01-30,190.97000122070312
TM,2025-01-31,188.92999267578125
TM,2025-02-03,183.64999389648438
TM,2025-02-04,187.55999755859375
TM,2025-02-05,195.35000610351562
TM,2025-02-06,190.5
TM,2025-02-07,183.97999572753906
TM,2025-02-10,185.05999755859375
TM,2025-02-11,185.74000549316406
TM,2025-02-12,182.69000244140625
TM,2025-02-13,184.00999450683594
TM,2025-02-14,184.24000549316406
TM,2025-02-18,184.07000732421875
TM,2025-02-19,180.10000610351562
TM,2025-02-20,180.67999267578125
TM,2025-02-21,177.11000061035156
TM,2025-02-24,176.6199951171875
TM,2025-02-25,179.4600067138672
TM,2025-02-26,181.2100067138672
TM,2025-02-27,182.27999877929688
TM,2025-02-28,181.47999572753906
TM,2025-03-03,183.7899932861328
TM,2025-03-04,180.66000366210938
TM,2025-03-05,192.35000610351562
TM,2025-03-06,187.50999450683594
TM,2025-03-07,190.17999267578125
TM,2025-03-10,188.35000610351562
TM,2025-03-11,184.52999877929688
TM,2025-03-12,185.64999389648438
TM,2025-03-13,182.97000122070312
TM,2025-03-14,186.6699981689453
TM,2025-03-17,188.41000366210938
TM,2025-03-18,190.1999969482422
TM,2025-03-19,193.13999938964844
TM,2025-03-20,192.1699981689453
TM,2025-03-21,190.6999969482422
TM,2025-03-24,192.47000122070312
TM,2025-03-25,193.00999450683594
TM,2025-03-26,189.27999877929688
TM,2025-03-27,183.97999572753906
TM,2025-03-28,179.07000732421875
TM,2025-03-31,176.52999877929688
TM,2025-04-01,174.4199981689453
TM,2025-04-02,177.30999755859375
TM,2025-04-03,168.07000732421875
TM,2025-04-04,158.6300048828125
TM,2025-04-07,160.33999633789062
TM,2025-04-08,159.32000732421875
TM,2025-04-09,174.13999938964844
TM,2025-04-10,167.22000122070312
TM,2025-04-11,169.4199981689453
TSLA,2024-11-15,320.7200012207031
TSLA,2024-11-18,338.739990234375
TSLA,2024-11-19,346.0
TSLA,2024-11-20,342.0299987792969
TSLA,2024-11-21,339.6400146484375
TSLA,2024-11-22,352.55999755859375
TSLA,2024-11-25,338.5899963378906
TSLA,2024-11-26,338.2300109863281
TSLA,2024-11-27,332.8900146484375
TSLA,2024-11-29,345.1600036621094
TSLA,2024-12-02,357.0899963378906
TSLA,2024-12-03,351.4200134277344
TSLA,2024-12-04,357.92999267578125
TSLA,2024-12-05,369.489990234375
TSLA,2024-12-06,389.2200012207031
TSLA,2024-12-09,389.7900085449219
TSLA,2024-12-10,400.989990234375
TSLA,2024-12-11,424.7699890136719
TSLA,2024-12-12,418.1000061035156
TSLA,2024-12-13,436.2300109863281
TSLA,2024-12-16,463.0199890136719
TSLA,2024-12-17,479.8599853515625
TSLA,2024-12-18,440.1300048828125
TSLA,2024-12-19,436.1700134277344
TSLA,2024-12-20,421.05999755859375
TSLA,2024-12-23,430.6000061035156
TSLA,2024-12-24,462.2799987792969
TSLA,2024-12-26,454.1300048828125
TSLA,2024-12-27,431.6600036621094
TSLA,2024-12-30,417.4100036621094
TSLA,2024-12-31,403.8399963378906
TSLA,2025-01-02,379.2799987792969
TSLA,2025-01-03,410.44000244140625
TSLA,2025-01-06,411.04998779296875
TSLA,2025-01-07,394.3599853515625
TSLA,2025-01-08,394.94000244140625
TSLA,2025-01-10,394.739990234375
TSLA,2025-01-13,403.30999755859375
TSLA,2025-01-14,396.3599853515625
TSLA,2025-01-15,428.2200012207031
TSLA,2025-01-16,413.82000732421875
TSLA,2025-01-17,426.5
TSLA,2025-01-21,424.07000732421875
TSLA,2025-01-22,415.1099853515625
TSLA,2025-01-23,412.3800048828125
TSLA,2025-01-24,406.5799865722656
TSLA,2025-01-27,397.1499938964844
TSLA,2025-01-28,398.0899963378906
TSLA,2025-01-29,389.1000061035156
TSLA,2025-01-30,400.2799987792969
TSLA,2025-01-31,404.6000061035156
TSLA,2025-02-03,383.67999267578125
TSLA,2025-02-04,392.2099914550781
TSLA,2025-02-05,378.1700134277344
TSLA,2025-02-06,374.32000732421875
TSLA,2025-02-07,361.6199951171875
TSLA,2025-02-10,350.7300109863281
TSLA,2025-02-11,328.5
TSLA,2025-02-12,336.510009765625
TSLA,2025-02-13,355.94000244140625
TSLA,2025-02-14,355.8399963378906
TSLA,2025-02-18,354.1099853515625
TSLA,2025-02-19,360.55999755859375
TSLA,2025-02-20,354.3999938964844
TSLA,2025-02-21,337.79998779296875
TSLA,2025-02-24,330.5299987792969
TSLA,2025-02-25,302.79998779296875
TSLA,2025-02-26,290.79998779296875
TSLA,2025-02-27,281.95001220703125
TSLA,2025-02-28,292.9800109863281
TSLA,2025-03-03,284.6499938964844
TSLA,2025-03-04,272.0400085449219
TSLA,2025-03-05,279.1000061035156
TSLA,2025-03-06,263.45001220703125
TSLA,2025-03-07,262.6700134277344
TSLA,2025-03-10,222.14999389648438
TSLA,2025-03-11,230.5800018310547
TSLA,2025-03-12,248.08999633789062
TSLA,2025-03-13,240.67999267578125
TSLA,2025-03-14,249.97999572753906
TSLA,2025-03-17,238.00999450683594
TSLA,2025-03-18,225.30999755859375
TSLA,2025-03-19,235.86000061035156
TSLA,2025-03-20,236.25999450683594
TSLA,2025-03-21,248.7100067138672
TSLA,2025-03-24,278.3900146484375
TSLA,2025-03-25,288.1400146484375
TSLA,2025-03-26,272.05999755859375
TSLA,2025-03-27,273.1300048828125
TSLA,2025-03-28,263.54998779296875
TSLA,2025-03-31,259.1600036621094
TSLA,2025-04-01,268.4599914550781
TSLA,2025-04-02,282.760009765625
TSLA,2025-04-03,267.2799987792969
TSLA,2025-04-04,239.42999267578125
TSLA,2025-04-07,233.2899932861328
TSLA,2025-04-08,221.86000061035156
TSLA,2025-04-09,272.20001220703125
TSLA,2025-04-10,252.39999389648438
TSLA,2025-04-11,252.30999755859375
TTE,2024-11-15,59.13080978393555
TTE,2024-11-18,59.61668395996094
TTE,2024-11-19,58.99476623535156
TTE,2024-11-20,58.81013488769531
TTE,2024-11-21,58.33397674560547
TTE,2024-11-22,57.97443389892578
TTE,2024-11-25,56.61398696899414
TTE,2024-11-26,55.914329528808594
TTE,2024-11-27,55.54506301879883
TTE,2024-11-29,56.35161590576172
TTE,2024-12-02,54.88427734375
TTE,2024-12-03,55.45760726928711
TTE,2024-12-04,55.09806442260742
TTE,2024-12-05,55.826873779296875
TTE,2024-12-06,55.302127838134766
TTE,2024-12-09,55.98235321044922
TTE,2024-12-10,55.15636444091797
TTE,2024-12-11,55.0786247253418
TTE,2024-12-12,54.38868713378906
TTE,2024-12-13,54.35953140258789
TTE,2024-12-16,52.64925765991211
TTE,2024-12-17,52.717281341552734
TTE,2024-12-18,52.16338348388672
TTE,2024-12-19,52.14394760131836
TTE,2024-12-20,52.62010955810547
TTE,2024-12-23,52.72699737548828
TTE,2024-12-24,52.785301208496094
TTE,2024-12-26,52.84360885620117
TTE,2024-12-27,52.979652404785156
TTE,2024-12-30,52.94078063964844
TTE,2024-12-31,53.780548095703125
TTE,2025-01-02,54.3528938293457
TTE,2025-01-03,54.74761199951172
TTE,2025-01-06,55.77388381958008
TTE,2025-01-07,56.25741195678711
TTE,2025-01-08,56.040321350097656
TTE,2025-01-10,55.93177032470703
TTE,2025-01-13,56.060054779052734
TTE,2025-01-14,56.80015563964844
TTE,2025-01-15,56.91857147216797
TTE,2025-01-16,58.23101043701172
TTE,2025-01-17,58.70467758178711
TTE,2025-01-21,58.32969284057617
TTE,2025-01-22,57.3428955078125
TTE,2025-01-23,57.97444534301758
TTE,2025-01-24,57.954708099365234
TTE,2025-01-27,58.1422004699707
TTE,2025-01-28,57.36262893676758
TTE,2025-01-29,57.41196823120117
TTE,2025-01-30,57.954708099365234
TTE,2025-01-31,57.263946533203125
TTE,2025-02-03,56.80015563964844
TTE,2025-02-04,58.408634185791016
TTE,2025-02-05,59.523719787597656
TTE,2025-02-06,60.11579513549805
TTE,2025-02-07,59.97764587402344
TTE,2025-02-10,59.553321838378906
TTE,2025-02-11,60.19474411010742
TTE,2025-02-12,60.05659103393555
TTE,2025-02-13,60.25395202636719
TTE,2025-02-14,60.59933090209961
TTE,2025-02-18,60.99405288696289
TTE,2025-02-19,60.11579513549805
TTE,2025-02-20,60.806556701660156
TTE,2025-02-21,59.87896728515625
TTE,2025-02-24,59.86909866333008
TTE,2025-02-25,59.661869049072266
TTE,2025-02-26,59.68160629272461
TTE,2025-02-27,59.25728225708008
TTE,2025-02-28,59.434906005859375
TTE,2025-03-03,59.04018783569336
TTE,2025-03-04,59.07965850830078
TTE,2025-03-05,60.13553237915039
TTE,2025-03-06,59.97764587402344
TTE,2025-03-07,60.579593658447266
TTE,2025-03-10,60.263816833496094
TTE,2025-03-11,60.6980094909668
TTE,2025-03-12,60.71774673461914
TTE,2025-03-13,61.12233352661133
TTE,2025-03-14,61.88216781616211
TTE,2025-03-17,61.803226470947266
TTE,2025-03-18,62.493988037109375
TTE,2025-03-19,63.40184020996094
TTE,2025-03-20,63.2143440246582
TTE,2025-03-21,62.523590087890625
TTE,2025-03-24,62.11900329589844
TTE,2025-03-25,63.52000045776367
TTE,2025-03-26,64.87000274658203
TTE,2025-03-27,65.18000030517578
TTE,2025-03-28,64.1500015258789
TTE,2025-03-31,64.69000244140625
TTE,2025-04-01,64.48999786376953
TTE,2025-04-02,64.4000015258789
TTE,2025-04-03,62.09000015258789
TTE,2025-04-04,57.70000076293945
TTE,2025-04-07,55.4900016784668
TTE,2025-04-08,53.369998931884766
TTE,2025-04-09,56.790000915527344
TTE,2025-04-10,54.720001220703125
TTE,2025-04-11,56.22999954223633
UL,2024-11-15,56.92530822753906
UL,2024-11-18,57.421173095703125
UL,2024-11-19,57.38150405883789
UL,2024-11-20,57.074066162109375
UL,2024-11-21,57.15340805053711
UL,2024-11-22,58.125301361083984
UL,2024-11-25,58.29389190673828
UL,2024-11-26,58.61124801635742
UL,2024-11-27,59.24595642089844
UL,2024-11-29,59.34512710571289
UL,2024-12-02,59.41455078125
UL,2024-12-03,58.88893508911133
UL,2024-12-04,58.87901306152344
UL,2024-12-05,59.057525634765625
UL,2024-12-06,58.5517463684082
UL,2024-12-09,58.353397369384766
UL,2024-12-10,58.22447204589844
UL,2024-12-11,58.29389190673828
UL,2024-12-12,58.22447204589844
UL,2024-12-13,58.383148193359375
UL,2024-12-16,58.829429626464844
UL,2024-12-17,58.809593200683594
UL,2024-12-18,57.35175323486328
UL,2024-12-19,57.074066162109375
UL,2024-12-20,56.68729019165039
UL,2024-12-23,56.717041015625
UL,2024-12-24,56.717041015625
UL,2024-12-26,57.044315338134766
UL,2024-12-27,56.98480987548828
UL,2024-12-30,56.29059982299805
UL,2024-12-31,56.23109817504883
UL,2025-01-02,56.05258560180664
UL,2025-01-03,56.042667388916016
UL,2025-01-06,54.97159957885742
UL,2025-01-07,55.38812255859375
UL,2025-01-08,55.67572784423828
UL,2025-01-10,54.67407989501953
UL,2025-01-13,54.57490539550781
UL,2025-01-14,54.28730773925781
UL,2025-01-15,54.26747131347656
UL,2025-01-16,54.98151397705078
UL,2025-01-17,55.1996955871582
UL,2025-01-21,56.43935775756836
UL,2025-01-22,55.58647155761719
UL,2025-01-23,56.20134353637695
UL,2025-01-24,56.03274917602539
UL,2025-01-27,57.64927291870117
UL,2025-01-28,57.00464630126953
UL,2025-01-29,56.796382904052734
UL,2025-01-30,57.81786346435547
UL,2025-01-31,56.90547561645508
UL,2025-02-03,57.173240661621094
UL,2025-02-04,56.776546478271484
UL,2025-02-05,57.76827621459961
UL,2025-02-06,57.58976745605469
UL,2025-02-07,57.78811264038086
UL,2025-02-10,57.778194427490234
UL,2025-02-11,58.432735443115234
UL,2025-02-12,58.650917053222656
UL,2025-02-13,55.497215270996094
UL,2025-02-14,54.436065673828125
UL,2025-02-18,54.465816497802734
UL,2025-02-19,55.17986297607422
UL,2025-02-20,55.0806884765625
UL,2025-02-21,55.665809631347656
UL,2025-02-24,55.85424041748047
UL,2025-02-25,55.437713623046875
UL,2025-02-26,55.54680252075195
UL,2025-02-27,56.00299835205078
UL,2025-02-28,56.599998474121094
UL,2025-03-03,57.709999084472656
UL,2025-03-04,58.02000045776367
UL,2025-03-05,58.349998474121094
UL,2025-03-06,58.25
UL,2025-03-07,59.22999954223633
UL,2025-03-10,60.290000915527344
UL,2025-03-11,59.33000183105469
UL,2025-03-12,59.029998779296875
UL,2025-03-13,58.630001068115234
UL,2025-03-14,58.709999084472656
UL,2025-03-17,59.720001220703125
UL,2025-03-18,58.709999084472656
UL,2025-03-19,58.91999816894531
UL,2025-03-20,59.22999954223633
UL,2025-03-21,58.650001525878906
UL,2025-03-24,58.13999938964844
UL,2025-03-25,58.09000015258789
UL,2025-03-26,58.189998626708984
UL,2025-03-27,58.66999816894531
UL,2025-03-28,59.18000030517578
UL,2025-03-31,59.54999923706055
UL,2025-04-01,59.56999969482422
UL,2025-04-02,59.86000061035156
UL,2025-04-03,62.54999923706055
UL,2025-04-04,59.91999816894531
UL,2025-04-07,57.900001525878906
UL,2025-04-08,57.900001525878906
UL,2025-04-09,59.41999816894531
UL,2025-04-10,59.90999984741211
UL,2025-04-11,61.90999984741211
V,2024-11-15,309.119873046875
V,2024-11-18,311.6356201171875
V,2024-11-19,311.3261413574219
V,2024-11-20,306.8736572265625
V,2024-11-21,309.3794250488281
V,2024-11-22,309.3993835449219
V,2024-11-25,312.66387939453125
V,2024-11-26,311.29620361328125
V,2024-11-27,314.1713562011719
V,2024-11-29,314.5506896972656
V,2024-12-02,316.1180725097656
V,2024-12-03,312.48419189453125
V,2024-12-04,309.3794250488281
V,2024-12-05,308.560791015625
V,2024-12-06,310.487548828125
V,2024-12-09,307.7821044921875
V,2024-12-10,311.8552551269531
V,2024-12-11,313.26287841796875
V,2024-12-12,313.7021484375
V,2024-12-13,314.2112731933594
V,2024-12-16,315.359375
V,2024-12-17,317.7652893066406
V,2024-12-18,309.2596130371094
V,2024-12-19,314.3510437011719
V,2024-12-20,317.1763000488281
V,2024-12-23,316.6871337890625
V,2024-12-24,320.1113586425781
V,2024-12-26,320.3709411621094
V,2024-12-27,318.12469482421875
V,2024-12-30,314.78033447265625
V,2024-12-31,315.5091247558594
V,2025-01-02,313.8718566894531
V,2025-01-03,314.3810119628906
V,2025-01-06,312.51416015625
V,2025-01-07,311.1464538574219
V,2025-01-08,312.07489013671875
V,2025-01-10,307.1930847167969
V,2025-01-13,306.4044494628906
V,2025-01-14,308.5707702636719
V,2025-01-15,315.7486877441406
V,2025-01-16,316.7170715332031
V,2025-01-17,319.0830993652344
V,2025-01-21,323.08636474609375
V,2025-01-22,323.0164794921875
V,2025-01-23,327.6586608886719
V,2025-01-24,329.64532470703125
V,2025-01-27,333.97802734375
V,2025-01-28,333.91815185546875
V,2025-01-29,335.3157958984375
V,2025-01-30,342.4737243652344
V,2025-01-31,341.225830078125
V,2025-02-03,345.23907470703125
V,2025-02-04,344.5701904296875
V,2025-02-05,348.8529968261719
V,2025-02-06,346.89630126953125
V,2025-02-07,347.43536376953125
V,2025-02-10,350.6400146484375
V,2025-02-11,350.7200012207031
V,2025-02-12,351.489990234375
V,2025-02-13,355.6300048828125
V,2025-02-14,353.80999755859375
V,2025-02-18,356.7300109863281
V,2025-02-19,355.2300109863281
V,2025-02-20,350.489990234375
V,2025-02-21,348.5299987792969
V,2025-02-24,349.8599853515625
V,2025-02-25,352.0899963378906
V,2025-02-26,350.6300048828125
V,2025-02-27,355.739990234375
V,2025-02-28,362.7099914550781
V,2025-03-03,361.82000732421875
V,2025-03-04,352.2300109863281
V,2025-03-05,352.67999267578125
V,2025-03-06,344.1600036621094
V,2025-03-07,345.32000732421875
V,2025-03-10,341.4800109863281
V,2025-03-11,332.1400146484375
V,2025-03-12,332.8399963378906
V,2025-03-13,328.54998779296875
V,2025-03-14,331.79998779296875
V,2025-03-17,334.54998779296875
V,2025-03-18,334.7699890136719
V,2025-03-19,339.8699951171875
V,2025-03-20,339.5
V,2025-03-21,335.6600036621094
V,2025-03-24,343.8699951171875
V,2025-03-25,344.6199951171875
V,2025-03-26,344.17999267578125
V,2025-03-27,349.8599853515625
V,2025-03-28,342.8500061035156
V,2025-03-31,350.4599914550781
V,2025-04-01,346.3500061035156
V,2025-04-02,346.3299865722656
V,2025-04-03,339.3900146484375
V,2025-04-04,313.1300048828125
V,2025-04-07,312.32000732421875
V,2025-04-08,308.2699890136719
V,2025-04-09,332.42999267578125
V,2025-04-10,324.6099853515625
V,2025-04-11,333.3999938964844
